{
 "mean_d2s": 0.47759177521945784,
 "mean_s2d": 0.4728082545852976,
 "overall": 0.47520001490237773
}