{
 "mean_d2s": 0.4775290701321819,
 "mean_s2d": 0.47279739941864307,
 "overall": 0.47516323477541245
}