{
 "mean_d2s": 0.6587469603718812,
 "mean_s2d": 0.9137821953933674,
 "overall": 0.7862645778826243
}