{
 "mean_d2s": 3.206942619853283,
 "mean_s2d": 1.1142069771138265,
 "overall": 2.160574798483555
}