{
 "mean_d2s": 3.2076035875179567,
 "mean_s2d": 1.1544639864079562,
 "overall": 2.1810337869629564
}