{
 "mean_d2s": 1.1158789658130102,
 "mean_s2d": 0.9478954703993817,
 "overall": 1.031887218106196
}